"municipio","codigo_departamental","departamento","ejercicio","ACTIVIDADES DEPORTIVAS, RECREATIVAS, CULTURA Y RELIGION","ASUNTOS ECONOMICOS","Atencion a Desastres  y Gestion de Riesgos","DEFENSA","EDUCACION","NA","ORDEN PUBLICO Y SEGURIDAD CIUDADANA","PROTECCION AMBIENTAL","PROTECCION SOCIAL","SALUD","SERVICIOS PUBLICOS GENERALES","TRANSACCIONES DE LA DEUDA PUBLICA","URBANIZACION Y SERVICIOS COMUNITARIOS"
"GUATEMALA","1","GUATEMALA","2016","17561065.6","77635757.12","4628733.91","0","2309932","0","32283068.24","74387962.4","17813196.05","1803710.16","22479898.09","40353208.31","111558669.8"
"GUATEMALA","1","GUATEMALA","2017","16140355.76","80043974.64","4542452.16","0","2986536","0","33268198.42","69419567","20495668.41","1225658.06","22335227.15","46597621.55","111918464"
"GUATEMALA","1","GUATEMALA","2018","19616790","75208483.12","4389814.87","0","4766809.52","0","34274842.24","68400213.02","21927282.21","2031706.45","103154327","46602646.02","13206280.67"
"GUATEMALA","1","GUATEMALA","2019","28800637.67","25296278.59","4239667.1","0","3802523.2","0","34379672.5","63110000","21500000","2034690","119400000","46602646.02","16500000"
"SANTA CATARINA PINULA","1","GUATEMALA","2016","741692.83","9412938.02","0","0","4308360","0","2499200.98","1633469.18","0","326760.29","956951.61","0","6292514.82"
"SANTA CATARINA PINULA","1","GUATEMALA","2017","3616989.16","4752731.89","0","0","3689160","0","3065073.5","3473310.54","0","341538.44","2038585.69","0","6959961.84"
"SANTA CATARINA PINULA","1","GUATEMALA","2018","5173010.84","4470479.38","236432.8","0","501700","0","4258707.74","813240.86","0","380903.75","3845242.29","0","7689052.52"
"SANTA CATARINA PINULA","1","GUATEMALA","2019","0","9313937.38","0","0","653927.48","0","2533380.83","8844000","0","433329.03","4715000","0","6143302.5"
"SAN JOSE PINULA","1","GUATEMALA","2016","318500","3238231.02","0","0","3235253.19","0","545899.99","363069.08","45750","39652.54","2873177.14","0","4416560.36"
"SAN JOSE PINULA","1","GUATEMALA","2017","299452.5","173291.67","0","0","755225","0","492546.65","254325","74400","43204.75","3426273.85","0","4155264.85"
"SAN JOSE PINULA","1","GUATEMALA","2018","350500","114186","0","0","1826100.52","0","589450.01","1499949.32","74400","55377.08","3786124.68","0","4641022.73"
"SAN JOSE PINULA","1","GUATEMALA","2019","89475.99","66000","0","0","4625177.44","0","594993.31","3858384.83","74400","5338776.15","4421975.45","0","5693028.28"
"SAN JOSE DEL GOLFO","1","GUATEMALA","2016","3297411.6","1504739.7","0","0","894083.67","0","0","453578","450000","0","924054.46","1050899.47","1039407.71"
"SAN JOSE DEL GOLFO","1","GUATEMALA","2017","1499678.9","2980138.09","0","0","1087832.12","14750","0","884168.23","121390","154539.99","1003170","1194377.91","1769362.25"
"SAN JOSE DEL GOLFO","1","GUATEMALA","2018","3532596.68","725369.84","891417","0","780353.15","0","816.86","898450","658238.94","395000","2885309.65","1179910.63","400000"
"SAN JOSE DEL GOLFO","1","GUATEMALA","2019","883149.17","1783242.42","0","0","3274607.79","0","0","1185720.66","881633.55","163200","964306.85","1536900.23","1821350"
"PALENCIA","1","GUATEMALA","2016","3103613.26","818069.1","154027.16","295135.6","289172.81","42750","0","1356838.24","163199.79","78500","814906.57","0","856632.69"
"PALENCIA","1","GUATEMALA","2017","156710","1206065","283810.68","329072.9","1391504.82","0","0","96083.4","296444.93","88378.78","1086654.64","0","1281312.55"
"PALENCIA","1","GUATEMALA","2018","218500","1159924","314390.4","267005.93","875000","0","0","63919.75","244956.53","834467","854422.18","0","2452832.71"
"PALENCIA","1","GUATEMALA","2019","403860","366870","212991.51","306157.67","2497222.29","1045","0","102459.22","184749.86","55042.48","461242.55","0","1977893"
"CHINAUTLA","1","GUATEMALA","2016","403872.8","600050","824700","0","3353855","0","458139.63","1236410.97","976100","245046.3","1080500","0","2878648.33"
"CHINAUTLA","1","GUATEMALA","2017","657600","7131445.49","35300","0","3490657.5","0","776106.17","2307535.25","0","263028.25","798011.02","0","4321242.98"
"CHINAUTLA","1","GUATEMALA","2018","463174.6","2285000","53690","0","3667981.5","0","901859.61","3457720","0","341140.8","850000","0","7437243.27"
"CHINAUTLA","1","GUATEMALA","2019","2299630","3304437","0","0","4479805","0","754513.51","1919505.03","0","600000","1055912.08","0","4548451.09"
"SAN PEDRO AYAMPUC","1","GUATEMALA","2016","39886.05","268290","0","0","1737191.06","0","0","0","0","1345365.81","1036000","1982997.9","2279975.52"
"SAN PEDRO AYAMPUC","1","GUATEMALA","2017","3749995","1585110.09","0","2780","3310573.82","0","27300","103500","147483.86","2130011.37","2468293.52","2264085.08","2038179.26"
"SAN PEDRO AYAMPUC","1","GUATEMALA","2018","140347.48","2844963.95","0","0","3295624.5","0","168300","27880","35973","594634.26","186060","3432000","216500"
"SAN PEDRO AYAMPUC","1","GUATEMALA","2019","164542.2","36000","0","0","2969565.97","0","0","266758.9","25548.39","347892","3136755.99","2860000","1999550"
"MIXCO","1","GUATEMALA","2016","2002972","4926537.59","0","0","530","0","10974159.14","5051267.87","4617803.55","553211.77","31129633.52","2813406.1","27673758.62"
"MIXCO","1","GUATEMALA","2017","2310862.33","11688474.69","0","0","0","820504.66","12184364.09","3300424.61","2955991.74","939024.32","17070738.48","4961045.57","14015742.36"
"MIXCO","1","GUATEMALA","2018","2650451.97","19281801.03","4975075.33","0","951966","0","11469577.3","19789201.43","5686496.66","715712","10723245.5","9933000","31355346.11"
"MIXCO","1","GUATEMALA","2019","3991859.53","13521463.97","9326912.19","0","2220250","0","16561170.45","7505375.86","9456595.34","1115498.49","19892311.94","15760281","20780596.58"
"SAN PEDRO SACATEPEQUEZ","1","GUATEMALA","2016","83040","0","0","0","1041747.75","0","0","1498475.99","0","275711.52","582472.29","0","3928040.54"
"SAN PEDRO SACATEPEQUEZ","1","GUATEMALA","2017","3114165.71","0","0","0","1496000","0","0","998928.52","0","226718.52","499949","0","4084037.82"
"SAN PEDRO SACATEPEQUEZ","1","GUATEMALA","2018","1160490.55","0","0","0","1790067.13","0","316800","1485209.31","0","1189584.9","540000","0","4255549.91"
"SAN PEDRO SACATEPEQUEZ","1","GUATEMALA","2019","0","0","0","0","9755126","0","311850","1425662.9","0","800415.1","542281.85","0","4810718.47"
"SAN JUAN SACATEPEQUEZ","1","GUATEMALA","2016","56436.36","723206.88","276000","0","1578650","0","583087.96","874618.51","0","730675.96","7442059.04","0","7522194.43"
"SAN JUAN SACATEPEQUEZ","1","GUATEMALA","2017","77922","1544657.72","276000","0","1664875","0","0","2798900","0","847081.71","7807698.63","0","5140176.02"
"SAN JUAN SACATEPEQUEZ","1","GUATEMALA","2018","1874940","1811527.03","276000","0","2583350","0","0","1496900","0","368675","8259661.85","0","3774861.96"
"SAN JUAN SACATEPEQUEZ","1","GUATEMALA","2019","2731669.35","1993975","0","0","7060112.24","0","0","1874002.3","0","722575","9400842.75","0","5992149.8"
"SAN RAYMUNDO","1","GUATEMALA","2016","94280.6","989437.5","0","0","566538","0","123291.64","1110000","27893.28","345000","961450","2029185.18","2237830.3"
"SAN RAYMUNDO","1","GUATEMALA","2017","40073","721877.49","0","0","284604","0","121210.02","232687.5","25467.76","276000","618752.52","932478.93","1524722.55"
"SAN RAYMUNDO","1","GUATEMALA","2018","173467.7","1794375","0","0","733725","0","108225.79","650700","22284.29","314250","866450.81","1979047.64","2555221.93"
"SAN RAYMUNDO","1","GUATEMALA","2019","130999.44","705625","0","0","2251150","0","426491.06","1069818.88","35018.17","140000","634670.92","2807412.86","2406131.45"
"CHUARRANCHO","1","GUATEMALA","2016","88500","1651977.84","0","0","858663.5","0","0","737952.53","965","104349.18","505006.14","38796.52","1464848.18"
"CHUARRANCHO","1","GUATEMALA","2017","24800","1810328.86","0","0","715000","0","24570","1602010","23402","109220.9","537021","232779.12","2671608.12"
"CHUARRANCHO","1","GUATEMALA","2018","0","1079916.92","0","0","1464500","0","52800","2809509.19","52008","106408.44","974025","77593.08","2919750"
"CHUARRANCHO","1","GUATEMALA","2019","25300","954132","0","0","1882758.9","0","0","1720093.6","57900","81000","577890.9","0","2998102.48"
"FRAIJANES","1","GUATEMALA","2016","379075.33","0","0","0","677550","0","1269411.55","3450606.54","282938.85","464847.78","5617898.75","0","2127738.56"
"FRAIJANES","1","GUATEMALA","2017","596673.54","0","0","0","560046.12","0","775931.13","2155334.99","236362","469369","3573319","0","605450.19"
"FRAIJANES","1","GUATEMALA","2018","728750.07","0","49048.62","0","423000","0","712046.22","751627.97","293927.84","725371.47","3930127.41","0","102953.22"
"FRAIJANES","1","GUATEMALA","2019","673746.84","0","192305.85","0","1052221.28","0","1237251.23","3667375.42","378358.88","1015992.33","4123621.07","0","483300"
"AMATITLAN","1","GUATEMALA","2016","501690","1507686.66","0","0","226066.97","0","333851.62","570879.68","89500","0","6612160.78","0","256314.66"
"AMATITLAN","1","GUATEMALA","2017","1990000","5782314.47","0","0","954699.61","312008.77","500832.72","548110.49","398176.46","32726.75","6916874.73","0","632000"
"AMATITLAN","1","GUATEMALA","2018","480000","3339683.23","0","0","579792.16","1525","437680.64","550521.85","210092.68","72000","7025775.7","0","1678712.15"
"AMATITLAN","1","GUATEMALA","2019","2189390","4769749","0","0","953145.09","0","617912.89","2245543.03","184775.64","72000","7994800","0","8160160.18"
"VILLA NUEVA","1","GUATEMALA","2016","3678919.38","2993518.7","176450","0","1583013.24","14531.8","6146879.72","2911625.13","1039506.14","1607399.12","10028279.81","12514639.64","19523705"
"VILLA NUEVA","1","GUATEMALA","2017","1928780.22","1374758.66","0","0","818323.34","0","6815841.63","4178991.16","582495.88","1778000","22904772.55","2805997.8","8756576.24"
"VILLA NUEVA","1","GUATEMALA","2018","1984159.64","4360949.39","72","0","2499000","5840","6901859.66","2227810.64","757818.28","2319750","18997066.22","2640126.73","2757008.14"
"VILLA NUEVA","1","GUATEMALA","2019","2996217.69","4324415.36","0","0","3360008.75","2932564.46","6477815.02","2490032","830123.38","1877741.63","10710106.72","4685254.82","10691570.97"
"VILLA CANALES","1","GUATEMALA","2016","428960.5","501111.49","0","0","114650","0","861837.59","544712.96","182031.36","270168.88","1343000","909354.16","3733364.1"
"VILLA CANALES","1","GUATEMALA","2017","262000","3418542.94","4482","0","737016","0","1266565.46","754762.28","254706.58","190400","1262000","2475840.02","4883465"
"VILLA CANALES","1","GUATEMALA","2018","364458.33","2061012.44","0","0","1342711.11","0","1632515.72","3110953.7","267490.32","241225","1213000","5662013.9","13545702.21"
"VILLA CANALES","1","GUATEMALA","2019","700284.85","1519999.38","58899.46","0","2135543.47","15000","2270851.66","597556.45","570303.22","272500","1967000","5428308.64","3824472.4"
"SAN MIGUEL PETAPA","1","GUATEMALA","2016","3871145.5","792604.58","912754.4","0","518600.07","2424","1308224.87","1336991.1","0","742093.34","3611563.54","63500","1411913.21"
"SAN MIGUEL PETAPA","1","GUATEMALA","2017","3257904.95","2466823.28","3144269.03","0","1500000","0","1517963.21","2579435","0","885000","9981003.29","0","1086616.99"
"SAN MIGUEL PETAPA","1","GUATEMALA","2018","0","15996584.3","0","0","688827.34","0","1511758.12","3647777.25","0","964930.13","9652371.59","0","2212732.26"
"SAN MIGUEL PETAPA","1","GUATEMALA","2019","0","9234386.01","0","0","282862.92","32194.38","1598621.36","4348204.42","0","1205206.82","11679406.47","0","1674391"
"GUASTATOYA","2","EL PROGRESO","2016","4125219.98","1401444.25","29244.08","0","964595.29","0","225521.76","451874.76","25000","60000","782455.34","0","922331.61"
"GUASTATOYA","2","EL PROGRESO","2017","3405000","576868.31","238656.28","0","847572.26","369","724375.4","740183.65","42000","343000","883856.02","220000","2329780"
"GUASTATOYA","2","EL PROGRESO","2018","4931468.8","1617084.09","242699.88","0","1000000","4777","552003.93","4524622.57","42937.1","1150869","1689091.97","410892.09","2264439.26"
"GUASTATOYA","2","EL PROGRESO","2019","3360000","538557.75","258640.68","0","2706936.35","0","535402.52","4159038.32","248816.29","69353.4","858000","293494.35","2842200"
"MORAZAN","2","EL PROGRESO","2016","173800","57651.3","62000","0","518000","0","0","132145","54000","156500","455133.75","0","1203808"
"MORAZAN","2","EL PROGRESO","2017","262401.37","25000","37500","0","382000","0","0","169000","366503.8","309090.09","361130","0","376165.24"
"MORAZAN","2","EL PROGRESO","2018","129600","399700","175000","0","467325","144185","0","126147.65","12904","689645","322200","0","249600"
"MORAZAN","2","EL PROGRESO","2019","95800","799500","0","0","474000","0","0","328125","150000","275000","502908.22","0","399986"
"SAN AGUSTIN ACASAGUASTLAN","2","EL PROGRESO","2016","0","597925.62","0","0","557156.25","9240","25000","0","0","1016518.13","691865.87","0","375000"
"SAN AGUSTIN ACASAGUASTLAN","2","EL PROGRESO","2017","125000","400000","0","0","280350","0","178000","92500","25648.42","116041.57","738957","0","370058.95"
"SAN AGUSTIN ACASAGUASTLAN","2","EL PROGRESO","2018","200000","1220087","0","0","745208.98","0","0","32911.29","0","68000","739980.64","180000","1408914.9"
"SAN AGUSTIN ACASAGUASTLAN","2","EL PROGRESO","2019","208794","1632974.26","38954.35","0","863151.82","222722.5","0","2675","15200","87417.75","1649485.67","300000","1783189.1"
"SAN CRISTOBAL ACASAGUASTLAN","2","EL PROGRESO","2016","208351.5","1253430","0","0","450519.09","2099","50190.8","413012.3","162055.36","150000","409631.71","0","472263"
"SAN CRISTOBAL ACASAGUASTLAN","2","EL PROGRESO","2017","209494.22","19200","0","0","402559.46","0","19062.68","1117514.04","45500","150000","316976.1","1265400","3180257.63"
"SAN CRISTOBAL ACASAGUASTLAN","2","EL PROGRESO","2018","171775","122223.54","0","0","550747","0","383528.85","605050.96","78889.02","181969.55","268640.39","1687200","1459742.37"
"SAN CRISTOBAL ACASAGUASTLAN","2","EL PROGRESO","2019","188725.32","800000","0","0","1800000","2932.5","390740.75","999993","72000","986307","335899.23","1687400","615262.5"
"EL JICARO","2","EL PROGRESO","2016","841840.7","674658","0","0","419481.25","0","0","198643.39","0","20600","369750","1422537.43","835695.77"
"EL JICARO","2","EL PROGRESO","2017","239078.15","100000","0","0","401600","0","11350","340732.8","1250","414279.59","346215.77","2040000","815634.53"
"EL JICARO","2","EL PROGRESO","2018","111050","0","0","0","813350","0","2645","600000","40000","58912.41","552473.43","2040000","522667.8"
"EL JICARO","2","EL PROGRESO","2019","148800","0","0","0","1160100","0","348750","700000","0","71300","527673.64","1998655.42","679898.07"
"SANSARE","2","EL PROGRESO","2016","2038200","0","0","0","860250","502.5","0","778950","0","7200","826025","69866.24","1328627"
"SANSARE","2","EL PROGRESO","2017","2358650","0","0","0","1172000","0","0","1077400","0","609750","778000","104799.36","1176300"
"SANSARE","2","EL PROGRESO","2018","1586226","0","0","0","814400","0","0","1488388.52","0","140250","710000","104799.36","1963287.32"
"SANSARE","2","EL PROGRESO","2019","2089550","0","0","0","1071400","0","0","1047700","0","0","862000","17466.56","1675520.58"
"SANARATE","2","EL PROGRESO","2016","1135045.54","1074097.27","0","0","528100","222570","0","1073132.96","147406.48","1086178.42","1576185.47","555000","1932669.77"
"SANARATE","2","EL PROGRESO","2017","778800","1049897","0","0","888709","165583.65","0","1480178.34","762130.7","0","1973801.59","420000","1319666.76"
"SANARATE","2","EL PROGRESO","2018","582619.22","620508.99","0","0","1402341.97","0","94000","1148535.92","960805.41","0","1484246.04","350000","1298342.13"
"SANARATE","2","EL PROGRESO","2019","2146894.37","2756425","0","0","804478.12","102408.25","0","1676810.76","184100","201457.83","1628197.59","490000","3040591.24"
"SAN ANTONIO LA PAZ","2","EL PROGRESO","2016","529062","226049.51","0","0","833970.13","0","0","473371","22586","186390.48","584829.11","382000","788616.37"
"SAN ANTONIO LA PAZ","2","EL PROGRESO","2017","751620","0","0","0","568050","0","0","1500000","0","500000","548000","161989.85","692490.44"
"SAN ANTONIO LA PAZ","2","EL PROGRESO","2018","460000","0","0","0","803404.44","0","0","422532.03","67128.96","197322.16","795250","64795.94","848941.74"
"SAN ANTONIO LA PAZ","2","EL PROGRESO","2019","319037","0","0","0","646374","0","0","886629.97","88758.32","228169.57","644500","338196.55","986910.7"
"ANTIGUA GUATEMALA","3","SACATEPEQUEZ","2016","600000","3685481.41","96000","0","581079.11","0","1804800.95","1303623.95","1273999.68","432300.75","8060198.3","38640","2240933.93"
"ANTIGUA GUATEMALA","3","SACATEPEQUEZ","2017","600000","7131296.26","29809.99","0","599452.85","0","1560516","3965552.1","252656.67","553536.66","1864002.58","499000","1984253.61"
"ANTIGUA GUATEMALA","3","SACATEPEQUEZ","2018","783959.85","3600691.54","116367.47","0","1078257.58","0","4514376.11","1308697.9","168170.75","544580.27","2320800","2679066.52","6478326.39"
"ANTIGUA GUATEMALA","3","SACATEPEQUEZ","2019","500000","3097998.7","91493.59","0","844946.09","8593.52","3774961.35","1549144.48","312648","487556.32","2179000","803611.05","2721339.09"
"JOCOTENANGO","3","SACATEPEQUEZ","2016","218401.68","95865","0","0","1111149.7","107342.68","870370","895639.44","119782.24","216135.4","2608333.59","35723.77","1263600.22"
"JOCOTENANGO","3","SACATEPEQUEZ","2017","606176.4","1226267.78","182163.88","0","301500","18062.74","852934.99","1437454.03","185501.24","249362.97","2641170.03","738476.53","584770.63"
"JOCOTENANGO","3","SACATEPEQUEZ","2018","1717853","824944.8","0","0","904515.64","0","856758.07","1730001.82","217211.88","47639.22","2827848.5","3067434","1017150.81"
"JOCOTENANGO","3","SACATEPEQUEZ","2019","170271.1","0","0","0","0","58269.44","593707.65","1522574.67","248730.35","211985.78","2971709.76","1008798.74","998996.95"
"PASTORES","3","SACATEPEQUEZ","2016","958212.83","1814464.72","0","0","570499.97","0","529468.85","1094973.19","165825","267981.66","1055850.84","0","920382.75"
"PASTORES","3","SACATEPEQUEZ","2017","1243680.28","734499.8","0","0","2125122.04","9337.5","790000","1151627.46","190742.93","259925.86","1522056.68","0","681232.6"
"PASTORES","3","SACATEPEQUEZ","2018","397638.29","197810","0","0","1160872.47","97929.63","584809.74","1144731.61","191020.32","205962.17","453744.99","0","1430459.88"
"PASTORES","3","SACATEPEQUEZ","2019","136689.25","154406.82","0","0","1879267.15","0","538106.59","866535.94","159431.71","143428.91","479095.76","540000","1450897.03"
"SUMPANGO","3","SACATEPEQUEZ","2016","112997.7","2011500","0","0","287000","0","707027.89","253110","472606.67","90500","463600","1760151.1","1530779.88"
"SUMPANGO","3","SACATEPEQUEZ","2017","73646","1653300","0","0","1213000","0","367906.2","374150","479138.77","0","921629.21","0","2397442.75"
"SUMPANGO","3","SACATEPEQUEZ","2018","167507.13","772359.56","0","0","2143727.03","0","197245.01","516380.01","303602.96","0","592200","0","1933307.26"
"SUMPANGO","3","SACATEPEQUEZ","2019","463018.63","41439","0","0","147060","0","209353.33","3665545.01","374400.09","0","597450","0","1688626.97"
"SANTO DOMINGO XENACOJ","3","SACATEPEQUEZ","2016","18934.8","1226680","0","0","477175","25656.4","555603.6","349988","0","224192","937545.73","0","468826.13"
"SANTO DOMINGO XENACOJ","3","SACATEPEQUEZ","2017","0","248416.7","0","0","710613.48","0","397455.86","1986084.94","2508100.16","399937.18","2467492.21","35397.84","927434.5"
"SANTO DOMINGO XENACOJ","3","SACATEPEQUEZ","2018","0","731924.04","0","0","3091902.09","4520","656403.13","978265.5","222792","365417.33","830000","1528000","1051734.7"
"SANTO DOMINGO XENACOJ","3","SACATEPEQUEZ","2019","60311.25","916689.08","0","0","2870090.13","0","328880","567527","167385.71","137295","514000","1719000","1012399.38"
"SANTIAGO SACATEPEQUEZ","3","SACATEPEQUEZ","2016","0","0","0","0","45699.74","0","34325","0","16500","0","2769105","861972.21","60375"
"SANTIAGO SACATEPEQUEZ","3","SACATEPEQUEZ","2017","107550","721200","0","0","2809881.46","0","465736.66","176400","42000","0","567493.33","1018694.47","2523603.2"
"SANTIAGO SACATEPEQUEZ","3","SACATEPEQUEZ","2018","860394.88","1663767","0","0","852497.23","0","558550","300000","84000","492530","809480","705249.95","2459748.22"
"SANTIAGO SACATEPEQUEZ","3","SACATEPEQUEZ","2019","600000","1385500","71630","0","2910646.52","0","582270","613030.46","79000","2057178.05","481090","450000","1898729.74"
"SAN BARTOLOME MILPAS ALTAS","3","SACATEPEQUEZ","2016","359924","274036.26","0","0","1150392.66","0","555133.31","208057.13","35143.5","303879.3","1587478.4","0","792348.27"
"SAN BARTOLOME MILPAS ALTAS","3","SACATEPEQUEZ","2017","243340.16","148785.2","0","0","1146373.34","0","515394.47","475407.36","52020.4","319760.36","317000","0","779162.64"
"SAN BARTOLOME MILPAS ALTAS","3","SACATEPEQUEZ","2018","311483.96","757771","0","0","710287.5","0","588866.29","664497.52","47022.09","357694.6","350000","0","2380826"
"SAN BARTOLOME MILPAS ALTAS","3","SACATEPEQUEZ","2019","1237847.66","793015","85095.36","0","330074.38","2100","591704.65","4106504.44","24500","299501.23","289000","0","682014.18"
"SAN LUCAS SACATEPEQUEZ","3","SACATEPEQUEZ","2016","451953.6","509133.86","0","0","457839.81","1310","727089.44","873101.78","250588.8","145744","1631167.04","0","1426274.37"
"SAN LUCAS SACATEPEQUEZ","3","SACATEPEQUEZ","2017","837342.92","572463.3","0","0","373690.47","0","1492766.58","2908286.16","35196.74","101616.61","3834810.35","0","586045.34"
"SAN LUCAS SACATEPEQUEZ","3","SACATEPEQUEZ","2018","359600","0","0","0","397228.44","86355","1458972.97","630334.67","401816.9","143800","1999929.47","0","2496303.45"
"SAN LUCAS SACATEPEQUEZ","3","SACATEPEQUEZ","2019","293000","0","0","0","1991007.98","42356","1046411.44","637103.15","411949.78","162123.31","3418720.25","0","1092012"
"SANTA LUCIA MILPAS ALTAS","3","SACATEPEQUEZ","2016","398000","1373848","0","0","613653","107775","720152.92","1444835.76","100800","0","664087.6","0","2068698.59"
"SANTA LUCIA MILPAS ALTAS","3","SACATEPEQUEZ","2017","0","539500","0","0","669489.04","0","216155","2588002.1","0","21888.61","2960454.55","0","3550"
"SANTA LUCIA MILPAS ALTAS","3","SACATEPEQUEZ","2018","318235","371001.6","32908.44","0","960933.69","0","762887.87","272654.86","142898.62","537000","1125359.34","88014","1999963.58"
"SANTA LUCIA MILPAS ALTAS","3","SACATEPEQUEZ","2019","45000","281812.88","262540.97","0","599028.72","0","599934.4","287365.41","99009.96","225778.94","1300000","407009.12","1069096.15"
"MAGDALENA MILPAS ALTAS","3","SACATEPEQUEZ","2016","1031662.5","583031.93","0","0","486800","0","478671.72","203521.84","0","143126","430219.9","303794.67","1051936.87"
"MAGDALENA MILPAS ALTAS","3","SACATEPEQUEZ","2017","68337.5","1395086.77","0","0","738090","0","491030.65","206700","0","175200","345000","0","895189.41"
"MAGDALENA MILPAS ALTAS","3","SACATEPEQUEZ","2018","91988.8","581200","0","0","734200","0","340403.07","816011","45000","178697.98","324542.98","0","248799.32"
"MAGDALENA MILPAS ALTAS","3","SACATEPEQUEZ","2019","198150","379145.44","0","0","729500","0","287538.78","577735.87","0","181276.29","245086","0","252296.27"
"SANTA MARIA DE JESUS","3","SACATEPEQUEZ","2016","49295","843074.62","0","0","322680.95","0","297600","851612.41","91986.18","147816.78","586500","375753.76","1102487.72"
"SANTA MARIA DE JESUS","3","SACATEPEQUEZ","2017","120218.52","581267.75","5600","0","163500","0","79750","1393892.93","31718.52","83000","457200","700000","554967.72"
"SANTA MARIA DE JESUS","3","SACATEPEQUEZ","2018","43150","411216.62","0","0","650606.54","0","66000","1474985.91","61718.52","65816.88","519954.82","900000","641670.67"
"SANTA MARIA DE JESUS","3","SACATEPEQUEZ","2019","31624.88","65383.7","0","0","1507393.46","0","257750.8","415720.88","66731","57589.77","555900","865529.11","880841.41"
"CIUDAD VIEJA","3","SACATEPEQUEZ","2016","272210.28","606378.37","0","0","1529543.67","0","560393.79","733536.59","139150.73","206817.25","568945","0","2386120.45"
"CIUDAD VIEJA","3","SACATEPEQUEZ","2017","320129.83","734696.97","0","0","1100000","0","741675.55","2856438.14","169441.58","254497.99","723495.36","31932.84","36125"
"CIUDAD VIEJA","3","SACATEPEQUEZ","2018","190499.6","986273.68","0","0","1056000","0","2397193.45","243743.46","188000","290896.57","698221.16","63865.68","1750601.77"
"CIUDAD VIEJA","3","SACATEPEQUEZ","2019","137289","213485.37","0","12092.88","498740","0","920975.49","674269","148187.62","335082.48","2764310.21","53221.4","1520623.02"
"SAN MIGUEL DUENAS","3","SACATEPEQUEZ","2016","90018.17","2774065.41","0","0","180000","31","325476.53","281377.75","99633.49","153475.66","1129300","0","500000"
"SAN MIGUEL DUENAS","3","SACATEPEQUEZ","2017","867710.52","1625763.35","0","0","305485.5","52208.22","300000","986486.18","56000","397450","690050","0","696900"
"SAN MIGUEL DUENAS","3","SACATEPEQUEZ","2018","1055303.45","999743.71","0","0","1700236.36","0","599482.06","1173279.55","508500","1766424.34","2300000","0","1890464.99"
"SAN MIGUEL DUENAS","3","SACATEPEQUEZ","2019","2513534.57","994256.4","0","0","1415712","0","425197.99","1181637.22","120150.6","593621.21","754700","0","667512.06"
"ALOTENANGO","3","SACATEPEQUEZ","2016","318750.41","0","0","0","384625.35","0","442396.23","48000","768469.23","89834.88","1380315.3","270388.32","737817.22"
"ALOTENANGO","3","SACATEPEQUEZ","2017","140798.75","0","0","0","422936.49","0","583828.42","78215.54","314646.63","605518.38","983000","198660.37","3149818.75"
"ALOTENANGO","3","SACATEPEQUEZ","2018","260959.52","0","0","0","739902.52","95867.7","211564.89","212061","434065.72","3665202.73","1032500","448460.27","460464.94"
"ALOTENANGO","3","SACATEPEQUEZ","2019","278863.06","0","0","0","272167","0","487387.12","111779","111488","30972","757500","196000","587750"
"SAN ANTONIO AGUAS CALIENTES","3","SACATEPEQUEZ","2016","561252.39","1022559.75","79906.81","132017.15","258875","5520.61","35567.04","184529.28","0","49600","245346.01","0","1252184"
"SAN ANTONIO AGUAS CALIENTES","3","SACATEPEQUEZ","2017","1148986.99","648011.87","109620.15","126779.62","1088297.33","0","37294.68","147821.19","0","57400","307694.1","0","738575.66"
"SAN ANTONIO AGUAS CALIENTES","3","SACATEPEQUEZ","2018","22681","449108.78","83459.46","85530.54","5260103.79","0","23320.01","574137.57","0","79800","755790.95","0","215000"
"SAN ANTONIO AGUAS CALIENTES","3","SACATEPEQUEZ","2019","0","449748.68","109511.94","58791.05","3422586.22","0","0","84000","0","107200","950000","0","390183"
"SANTA CATARINA BARAHONA","3","SACATEPEQUEZ","2016","201706.7","685651.74","0","0","301490.09","240000","219233.01","300806","98270","150414","358000","900000","529978.8"
"SANTA CATARINA BARAHONA","3","SACATEPEQUEZ","2017","1665687.2","448980","0","0","560302.5","0","0","201550","67718.52","185812.48","1550000","900000","134218.83"
"SANTA CATARINA BARAHONA","3","SACATEPEQUEZ","2018","783350.29","523524.78","0","0","1196806.14","0","0","155408.42","39800","216100","469810.4","900000","155584.31"
"SANTA CATARINA BARAHONA","3","SACATEPEQUEZ","2019","450710.5","897027","0","0","1000000","0","0","4383235.04","64823.7","250495.64","401734.97","525000","182778.84"
"CHIMALTENANGO","4","CHIMALTENANGO","2016","669706.01","764848.65","0","0","321281.25","0","741183.65","507500","102988.16","1369790.93","2209800","0","5107859.6"
"CHIMALTENANGO","4","CHIMALTENANGO","2017","717521.51","336722.47","0","0","312500","0","933562.61","681096.74","168670.54","1598452.85","2759700","194921.8","5900000"
"CHIMALTENANGO","4","CHIMALTENANGO","2018","777367.52","1679660.8","0","0","1999943.21","24990","1101537.74","1664729.72","167816.88","633982.51","3498100","467812.32","5961615.93"
"CHIMALTENANGO","4","CHIMALTENANGO","2019","673155.33","1423296.89","0","0","377811.22","0","1371062.83","719947","190847.4","210337.49","3081100","389843.6","6106979.25"
"SAN JOSE POAQUIL","4","CHIMALTENANGO","2016","319302.46","1294976.98","0","0","489883.33","0","204694","151980.34","78900","0","334200","0","250000"
"SAN JOSE POAQUIL","4","CHIMALTENANGO","2017","338482","377534.08","0","0","599969.99","0","171623.16","297300","273383.4","144009.4","348600","0","750456"
"SAN JOSE POAQUIL","4","CHIMALTENANGO","2018","199240","419700","0","0","556775","0","171575","3103896.25","83940","99050","334000","0","539893.52"
"SAN JOSE POAQUIL","4","CHIMALTENANGO","2019","58650","219354","0","0","601725","0","215875","197375","141375","101800","446100","0","1597279.05"
"SAN MARTIN JILOTEPEQUE","4","CHIMALTENANGO","2016","287638.71","542591.96","9180.21","0","997794.37","0","313650","107663.12","78880.63","192755","1122000","0","809350"
"SAN MARTIN JILOTEPEQUE","4","CHIMALTENANGO","2017","450033.69","971792.56","0","0","919757","68450","828682.47","254178.8","209756","207896","1292000","0","1499487.4"
"SAN MARTIN JILOTEPEQUE","4","CHIMALTENANGO","2018","549959.6","1482000","0","0","1039578","0","583578.48","747560","0","216200","2833284","0","1136543.9"
"SAN MARTIN JILOTEPEQUE","4","CHIMALTENANGO","2019","463333.25","305222","0","0","1039539.5","0","348659.6","536752.32","0","196857","2196805.52","0","1085505"
"SAN JUAN COMALAPA","4","CHIMALTENANGO","2016","81384","801408","0","0","580000","12089.15","286270.4","199200","0","109456.32","870000","0","446525"
"SAN JUAN COMALAPA","4","CHIMALTENANGO","2017","25000","566062.5","0","0","464527.37","15000","180820","375625","32721.25","133694.64","1629922.72","79033.55","722698"
"SAN JUAN COMALAPA","4","CHIMALTENANGO","2018","19825","343190","0","0","433125.01","0","204765.87","770112.88","0","189530","1028000","189680.52","1235500.01"
"SAN JUAN COMALAPA","4","CHIMALTENANGO","2019","19050","349800","0","0","448932.65","0","139775.24","1755786.24","0","189157.6","947000","158067.1","1111875.05"
"SANTA APOLONIA","4","CHIMALTENANGO","2016","343921","1161803.59","0","0","374750","556723.7","70966.46","0","0","2050","570468.62","64643.37","985091.88"
"SANTA APOLONIA","4","CHIMALTENANGO","2017","196336","700000","0","0","434700","0","122820","296451.68","447408.12","0","528296.7","250000","297109.05"
"SANTA APOLONIA","4","CHIMALTENANGO","2018","244382","305583.14","0","0","769670","0","59800","2415730.62","88301.25","1134.39","515081","687500","1510531.3"
"SANTA APOLONIA","4","CHIMALTENANGO","2019","205200","511406.89","0","0","459375","0","84050","1449438.37","0","14950","579862.5","625000","210165.94"
"TECPAN GUATEMALA","4","CHIMALTENANGO","2016","49911","1395697.95","41803.19","0","993318.93","0","118999.84","388363.55","0","1312500","1128033.3","0","6258400"
"TECPAN GUATEMALA","4","CHIMALTENANGO","2017","3600","1419710.68","35923.08","0","399638.41","9250","153623.14","273252.54","74496.03","187000","1632700","1995842.42","1962995"
"TECPAN GUATEMALA","4","CHIMALTENANGO","2018","29910","895864.32","14870","0","478354.9","143319.21","346964.86","156952","0","544380","1380385","1725024.23","2735615"
"TECPAN GUATEMALA","4","CHIMALTENANGO","2019","30703.2","1147142.31","24667.5","0","334958.95","95449.25","317315.82","149769.36","40400","437284.64","1035200","2033872.28","2350775"
"PATZUN","4","CHIMALTENANGO","2016","199913.5","470000","0","0","451106.62","0","152478.33","330649.41","44000","32600","739500","152838.55","1051300"
"PATZUN","4","CHIMALTENANGO","2017","139150","450400","0","0","326431","0","432694.24","382860.66","0","192908.1","973200","0","1262570.01"
"PATZUN","4","CHIMALTENANGO","2018","269750","399603","0","0","225000","239000","571919.39","790000","60000","187000","990000","0","1795595.52"
"PATZUN","4","CHIMALTENANGO","2019","219286","740230.09","0","0","486596.45","0","566020.44","1330138","50000","151517.14","771000","0","2137735.39"
"SAN MIGUEL POCHUTA","4","CHIMALTENANGO","2016","372960","355611.3","0","0","371865.64","0","381534.36","1399270.14","63926.37","22500","323349.25","0","2086974.95"
"SAN MIGUEL POCHUTA","4","CHIMALTENANGO","2017","1701944.5","359995.5","0","0","434447.7","250","356520","134500","145922.17","30000","416800","0","290134.05"
"SAN MIGUEL POCHUTA","4","CHIMALTENANGO","2018","272979","363790.1","0","0","1303343.1","0","400386.02","809175","418869","32908.44","440033.76","0","1215334.12"
"SAN MIGUEL POCHUTA","4","CHIMALTENANGO","2019","316160","231348","0","0","354139.6","0","301660.7","174170","782568.97","27423.7","366694.8","0","2126796.56"
"PATZICIA","4","CHIMALTENANGO","2016","173460","260000","0","0","175616.03","0","325921.44","653420","0","152349.04","650795.32","0","967882.08"
"PATZICIA","4","CHIMALTENANGO","2017","227613.3","699750","0","0","304485.93","0","433038.67","1022830.75","0","179911.12","1026588","10446.75","879658.49"
"PATZICIA","4","CHIMALTENANGO","2018","175000","399955.21","0","700","230174.33","0","163687.98","804937.5","7900","186481.16","2077702.1","321005.18","1011571.49"
